-1.3516534982928394e-8	0.467820715510157
2.3440833942389174e-8	0.4696962490993106
6.054629827879785e-8	0.47158308131792454
9.780074931978791e-8	0.47348130307998737
1.352050855200202e-7	0.47539100621552255
1.7276021256733769e-7	0.4773122834816834
2.104670434556464e-7	0.47924522857400587
2.483264985586794e-7	0.48118993613782063
2.8633950570465466e-7	0.483146501779827
3.245070002518416e-7	0.48511502207983254
3.6282992516504677e-7	0.4870955946026595
4.013092310930338e-7	0.4890883179102209
4.399458764468896e-7	0.49109329157377213
4.78740827479351e-7	0.4931106161863351
5.176950583651065e-7	0.4951403933753043
5.568095512820835e-7	0.4971827258152323
5.960852964937402e-7	0.499237717240801
6.355232924323726e-7	0.5013054724599807
6.751245457834541e-7	0.5033860973673799
7.148900715710204e-7	0.5054796989577892
7.548208932441149e-7	0.5075863853399224
7.949180427643134e-7	0.5097062657503582
8.351825606943393e-7	0.5118394505676859
8.756154962877869e-7	0.5139860513268587
9.162179075799719e-7	0.5161461807337581
9.569908614799186e-7	0.5183199526799704
9.979354338635091e-7	0.5205074822577854
1.039052709667806e-6	0.5227088857754129
1.0803437829865654e-6	0.5249242807724261
1.121809757166962e-6	0.5271537860354357
1.1634517449075393e-6	0.5293975216139939
1.20527086835741e-6	0.5316556088367385
1.2472682592167147e-6	0.5339281703277772
1.2894450588383696e-6	0.536215330023316
1.3318024183311113e-6	0.5385172131885401
1.3743414986638687e-6	0.5408339464347444
1.4170634707714696e-6	0.5431656577367259
1.4599695156617177e-6	0.5455124764504367
1.5030608245238431e-6	0.5478745333309052
1.5463385988383625e-6	0.550251960550428
1.58980405048836e-6	0.5526448917170395
1.6334584018722143e-6	0.5550534618932615
1.677302886017794e-6	0.5574778076151402
1.721338746698145e-6	0.5599180669115744
1.765567238548685e-6	0.5623743793239386
1.809989627185942e-6	0.5648468859260096
1.8546071893278432e-6	0.5673357293441983
1.899421212915597e-6	0.5698410537780947
1.944432997237173e-6	0.5723630050213302
1.9896438530524205e-6	0.5749017304827645
2.035055102719845e-6	0.5774573792079988
2.080668080325062e-6	0.5800301019012271
2.1264841318109697e-6	0.582620050947427
2.1725046151096483e-6	0.5852273804348972
2.2187309002760268e-6	0.5878522461781497
2.265164369623343e-6	0.5904948057411598
2.311806417860416e-6	0.5931552184609832
2.3586584522307682e-6	0.5958336454717459
2.405721892653628e-6	0.5985302497290137
2.4529981718668327e-6	0.6012451960345465
2.5004887355716654e-6	0.6039786510614475
2.548195042579667e-6	0.6067307833797126
2.5961185649614366e-6	0.6095017634821864
2.644260788197469e-6	0.6122917638109355
2.6926232113310436e-6	0.6151009587840411
2.7412073471232227e-6	0.6179295248228275
2.790014722209964e-6	0.6207776403795229
2.8390468772614007e-6	0.6236454859653724
2.888305367143323e-6	0.6265332441792013
2.9377917610808846e-6	0.6294410997364457
2.987507642824581e-6	0.6323692394986508
3.037454610818535e-6	0.6353178525034534
3.0876342783711198e-6	0.6382871299950521
3.1380482738279696e-6	0.6412772654551775
3.1886982407474016e-6	0.6442884546345682
3.2395858380783043e-6	0.6473208955849676
3.2907127403405205e-6	0.6503747886916462
3.3420806378077727e-6	0.6534503367064612
3.393691236693168e-6	0.656547744781464
3.4455462593373343e-6	0.6596672205030669
3.4976474443992154e-6	0.6628089739267762
3.549996547049584e-6	0.6659732176125054
3.602595339167309e-6	0.6691601666604792
3.655445609538434e-6	0.6723700387477406
3.708549164058094e-6	0.6756030541652673
3.761907825935333e-6	0.6788594358557178
3.8155234359008785e-6	0.6821394094518112
3.869397852417891e-6	0.6854432033153579
3.923532951895787e-6	0.6887710485769534
3.97793062890713e-6	0.6921231791763447
4.032592796407694e-6	0.6954998319034861
4.087521385959719e-6	0.6989012464402963
4.142718347958429e-6	0.702327665403131
4.198185651861861e-6	0.7057793343859842
4.2539252864240675e-6	0.7092565020044331
4.3099392599317416e-6	0.7127594199403416
4.3662296004443285e-6	0.7162883429873369
4.422798356037696e-6	0.719843529097074
4.479647595051396e-6	0.7234252394263063
4.536779406339603e-6	0.7270337383847733
4.594195899525794e-6	0.730669293683928
4.65189920526121e-6	0.7343321763865157
4.709891475487204e-6	0.7380226609570232
4.768174883701503e-6	0.7417410253130176
4.826751625228482e-6	0.7454875508773892
4.885623917493503e-6	0.7492625226315186
4.944794000301401e-6	0.7530662291693877
5.004264136119189e-6	0.7568989627526524
5.064036610363047e-6	0.7607610193666956
5.124113731689688e-6	0.7646526987776845
5.184497832292149e-6	0.7685743045906464
5.245191268200133e-6	0.7725261443085906
5.3061964195849355e-6	0.776508529392694
5.367515691069062e-6	0.7805217753235724
5.429151512040624e-6	0.7845662016636611
5.4911063369725835e-6	0.7886421321207292
5.5533826457469455e-6	0.7927498946125455
5.615982943983989e-6	0.7968898213327286
5.678909763376611e-6	0.8010622488177972
5.742165662029915e-6	0.8052675180154532
5.805753224806074e-6	0.809505974354116
5.869675063674646e-6	0.8137779678137438
5.933933818068365e-6	0.818083852997958
5.998532155244577e-6	0.8224239892075085
6.063472770652355e-6	0.8267987405151009
6.128758388305464e-6	0.8312084758416194
6.194391761161237e-6	0.8356535690337713
6.260375671505499e-6	0.8401343989431882
6.326712931343634e-6	0.8446513495070105
6.393406382797926e-6	0.8492048098299881
6.460458898511274e-6	0.8537951742681344
6.5278733820574144e-6	0.8584228425139601
6.595652768357763e-6	0.8630882196833262
6.663800024105023e-6	0.8677917164039516
6.732318148193651e-6	0.8725337489056059
6.801210172157332e-6	0.8773147391120311
6.870479160613622e-6	0.8821351147346256
6.940128211715824e-6	0.8869953093679304
7.010160457612324e-6	0.8918957625869596
7.080579064913462e-6	0.8968369200464097
7.1513872351661085e-6	0.9018192335817976
7.222588205336094e-6	0.9068431613125637
7.294185248298653e-6	0.9119091677471861
7.366181673337021e-6	0.9170177238903517
7.438580826649336e-6	0.9221693073522303
7.511386091864049e-6	0.9273644024598947
7.5846008905639535e-6	0.9326035003709431
7.658228682819038e-6	0.9378870991893653
7.732272967728345e-6	0.9432157040837107
7.806737283970959e-6	0.9485898274076028
7.881625210366378e-6	0.9540099888226615
7.956940366444401e-6	0.9594767154238842
8.032686413024727e-6	0.9649905418675402
8.10886705280648e-6	0.9705520105016389
8.185486030967856e-6	0.9761616714990341
8.262547135776069e-6	0.9818200829932177
8.34005419920782e-6	0.9875278112168704
8.418011097580521e-6	0.9932854306432343
8.496421752194446e-6	0.9990935241303686
8.57529012998607e-6	1.0049526830683604
8.654620244192815e-6	1.0108635075295576
8.734416155029407e-6	1.0168266064218945
8.814681970376127e-6	1.0228425976453865
8.895421846479163e-6	1.0289121082518622
8.976639988663337e-6	1.035035774608018
9.05834065205744e-6	1.0412142425618685
9.140528142332448e-6	1.0474481676126737
9.223206816452891e-6	1.053738215084432
9.30638108344163e-6	1.0600850603030156
9.39005540515836e-6	1.0664893887770461
9.47423429709207e-6	1.072951896382592
9.55892232916779e-6	1.0794732895517836
9.644124126567951e-6	1.0860542854654471
9.729844370568561e-6	1.0926956122498412
9.816087799390693e-6	1.099398009177614
9.902859209067373e-6	1.1061622268730666
9.990163454326442e-6	1.1129890275218453
0.000010078005449489542	1.1198791850851597
0.000010166390169387666	1.126833485518644
0.000010255322650293602	1.133852726995976
0.000010344807990871668	1.1409377201373725
0.000010434851353145037	1.1480892882430824
0.00001052545796348112	1.1553082675320043
0.00001061663311359534	1.1625955073855518
0.000010708382161573727	1.1699518705969096
0.000010800710532914733	1.1773782336258045
0.000010893623721590701	1.1848754868589408
0.000010987127291129404	1.19244453487624
0.000011081226875716113	1.20008629672303
0.00001117592818131665	1.2078017061883457
0.000011271236986821864	1.2155917120894877
0.000011367159145214051	1.2234572785630076
0.000011463700584755795	1.2313993853622802
0.000011560867310201673	1.2394190281618427
0.000011658665404033472	1.2475172188686632
0.000011757101027719298	1.2556949859405357
0.000011856180422997209	1.2639533747117728
0.000011955909913183959	1.272293447726403
0.00001205629590450927	1.2807162850790523
0.000012157344887476445	1.289222984763737
0.000012259063438249695	1.2978146630307532
0.000012361458220068967	1.306492454751896
0.000012464535984692845	1.3152575137942255
0.000012568303573870125	1.3241110134026037
0.000012672767920840838	1.3330541465912518
0.000012777936051867295	1.3420881265445495
0.000012883815087795947	1.3512141870273544
0.000012990412245650757	1.3604335828050753
0.000013097734840258764	1.3697475900737783
0.000013205790285908708	1.3791575069006006
0.00001331458609804341	1.3886646536747482
0.000013424129894986752	1.3982703735693733
0.000013534429399706098	1.4079760330146347
0.00001364549244161092	1.4177830221822447
0.00001375732695838866	1.4276927554818286
0.000013869940997878504	1.4377066720694207
0.000013983342719984233	1.4478262363684469
0.00001409754039862687	1.4580529386035297
0.000014212542423738255	1.4683882953474923
0.00001432835730329649	1.4788338500819296
0.000014444993665404225	1.4893911737717271
0.000014562460260411007	1.5000618654539388
0.000014680765963080514	1.5108475528414138
0.00001479991977480408	1.5217498929416213
0.000014919930825861467	1.5327705726910905
0.000015040808377730069	1.5439113096059283
0.00001516256182544393	1.5551738524488805
0.000015285200700003573	1.566559981913413
0.000015408734670838154	1.5780715113253179
0.00001553317354832114	1.5897102873623574
0.000015658527286340853	1.6014781907924724
0.000015784805984927423	1.6133771372311085
0.00001591201989293736	1.6254090779182278
0.000016040179410797476	1.6375760005155888
0.000016169295093309506	1.6498799299249085
0.000016299377652517048	1.662322929127518
0.000016430437960636514	1.6749071000461797
0.0000165624870530536	1.6876345844297187
0.000016695536131387148	1.7005075647611665
0.000016829596566622115	1.7135282651901431
0.00001696467990231335	1.7266989524901968
0.000017100797857862303	1.7400219370418943
0.000017237962331868325	1.7534995738424293
0.00001737618540555672	1.7671342635425895
0.00001751547934628558	1.7809284535119225
0.00001765585661113342	1.7948846389329776
0.000017797329850569932	1.8090053639255403
0.00001793991191221195	1.8232932227017946
0.000018083615844667047	1.8377508607533934
0.000018228454901467165	1.852380976071449
0.00001837444254509458	1.8671863204004768
0.000018521592451102965	1.8821697005274014
0.000018669918512335954	1.897333979606711
0.000018819434843246023	1.9126820785229668
0.00001897015578431653	1.9282169772918363
0.000019122095906589556	1.943941716500917
0.000019275270016302775	1.959859398791651
0.000019429693159638218	1.9759731903836524
0.000019585380627586215	1.9922863226428664
0.0000197423479609277	2.0088020936949844
0.000019900610955338196	2.0255238700856153
0.000020060185666617156	2.042455088488782
0.00002022108841604593	2.0595992574653263
0.000020383335795878372	2.0769599592729286
0.000020546944674967723	2.09454085172945
0.000020711932204533732	2.1123456701314116
0.000020878315824074208	2.130378229229483
0.000021046113267425097	2.148642425262909
0.000021215342568973466	2.1671422380549075
0.000021386022070028014	2.1858817331711253
0.000021558170425351558	2.2048650641433163
0.000021731806609860514	2.2240964747605294
0.000021906949925496163	2.243580301430119
0.000022083620008273043	2.263320975611057
0.000022261836835509585	2.283323026322051
0.000022441620733246644	2.303591082727123
0.0000226229923838596	2.3241298768013894
0.000022805972833869776	2.3449442460798924
0.000022990583501961496	2.3660391364924456
0.000023176846187210938	2.38741960528759
0.000023364783077533304	2.409090824048852
0.000023554416758355187	2.4310580818066825
0.00002374577022151898	2.4533267882494973
0.000023938866874426707	2.4759024770375038
0.000024133730549430707	2.4987908092230375
0.000024330385513478924	2.521997576781346
0.000024528856478023	2.545528706255933
0.000024729168609197242	2.569390262522682
0.000024931347538277446	2.5935884526772393
0.000025135419372428317	2.618129630050253
0.000025341410705748694	2.6430202983553035
0.000025549348630624643	2.668267115974565
0.000025759260749399745	2.693876900387403
0.00002597117518637364	2.7198566327474225
0.000026185120600138987	2.7462134626136447
0.000026401126196268337	2.7729547128417558
0.00002661922174036239	2.800087884641673
0.00002683943757147151	2.8276206628078615
0.000027061804615903182	2.8555609211292277
0.00002728635440142816	2.883916727985608
0.00002751311907189877	2.9126963521382523
0.000027742131402293384	2.941908268722033
0.000027973424814201406	2.9715611654473935
0.000028207033391763953	3.001663949020502
0.00002844299189808572	3.032225751790377
0.0000286813357921344	3.0632559386322096
0.000028922101246144422	3.0947641140765003
0.00002916532516354252	3.12676012969406
0.00002941104519741363	3.1592540917474516
0.0000296592997695256	3.192256369119825
0.000029910128089932954	3.2257776015327524
0.000030163570177179904	3.2598287080650996
0.000030419666879123952	3.294420895985572
0.00003067845989440253	3.32956566991223
0.00003093999179456548	3.365274841312793
0.000031204306046897706	3.401560538360322
0.00003147144703795695	3.4384352161595015
0.00003174146009785265	3.4759116673595
0.000032014391525293376	3.5140030331701886
0.000032290288613430786	3.552722814799276
0.000032569199676529935	3.5920848853288185
0.00003285117407749643	3.632103502050464
0.00003313626225629266	3.6727933192797306
0.00003342451575927643	3.7141694016706945
0.00003371598726949681	3.7562472380534464
0.00003401073063798367	3.799042755817907
0.00003430880091606874	3.8425723358687143
0.0000346102543887777	3.8868528281771777
0.00003491514860933481	3.931901567957681
0.00003522354243482289	3.977736392497229
0.000035535496063043864	4.024375658668442
0.00003585107107062692	4.071838261157793
0.00003617033045243315	4.120143651442607
0.000036493338662308176	4.169311857552093
0.00003682016165523628	4.21936350464955
0.000037150866930952076	4.2703198364749175
0.000037485523579068384	4.322202737688883
0.00003782420232578138	4.375034757162022
0.00003816697558221733	4.428839132254867
0.000038513917494487674	4.4836398141371685
0.00003886510399552283	4.539461494197474
0.00003922061285875814	4.596329631596785
0.0000395805237537484	4.654270482023178
0.00003994491830379216	4.713311127707442
0.00004031388014564935	4.773479508763122
0.00004068749499144104	4.834804455918015
0.000041065850692823754	4.897315724708006
0.00004144903730753506	4.9610440312080994
0.000041837147168412655	5.026021089380012
0.00004223027495499284	5.092279650120108
0.000042628517767801004	5.159853542096556
0.00004303197520545089	5.228777714469681
0.00004344074944467591	5.299088281595131
0.00004385494532342207	5.370822569815454
0.00004427467042713759	5.444019166451912
0.000044700035178402375	5.518717971115267
0.0000451311529300468	5.594960249461412
0.000045568140061916785	5.672788689525421
0.00004601111608145119	5.752247460775951
0.00004646020372824459	5.83338227604055
0.00004691552908277879	5.916240456462065
0.00004737722167951505	6.000870999656236
0.0000478454146245491	6.087324651251427
0.00004832024471804237	6.175653980003026
0.000048801852581652734	6.2659134566872945
0.000049290382791201295	6.358159536992846
0.000049785984014823514	6.452450748642042
0.00005028880915686607	6.5488477829898
0.000050799015507805997	6.647413591363845
0.000051316764900482106	6.748213486427734
0.00005184222387294566	6.851315248867075
0.00005237556383825368	6.956789239719507
0.00005291696126154524	7.064708518690764
0.000053466597844761583	7.175148968822789
0.00005402466071938886	7.2881894279048
0.000054591342647625225	7.403911827045667
0.000055166842232395066	7.522401336855059
0.00005575136413665844	7.643746521712456
0.000056345119312486984	7.768039502637062
0.00005694832524040719	7.895376129308597
0.00005756120617953779	8.0258561618284
0.00005818399342908007	8.159583462853194
0.000058816925601751394	8.296666200780312
0.00005946024890978609	8.43721706471303
0.000060114217464165335	8.581353491989194
0.000060779093587774834	8.729197909114799
0.00006145514814323104	8.880877987007924
0.0000621426608761604	9.036526911527444
0.00006284192077476102	9.196283670335546
0.00006355322644652792	9.360293357224752
0.00006427688651307276	9.528707495127952
0.00006501322002402668	9.701684379126105
0.00006576255689107305	9.879389440872616
0.00006652523834321962	10.061995635966698
0.00006730161740448814	10.249683855932009
0.00006809205939526832	10.442643366591428
0.00006889694245866052	10.64107227477568
0.00006971665811321123	10.845178025464318
0.00007055161183352931	11.055177931632109
0.00007140222366036486	11.271299739266029
0.00007226892884182522	11.493782230226829
0.00007315217850750621	11.722875865858528
0.00007405244037742597	11.95884347450037
0.00007497019950775984	12.201960986330262
0.00007590595907550094	12.452518219271427
0.00007686024120429482	12.710819720024451
0.00007783358783383476	12.977185664651385
0.00007882656163534738	13.251952823538888
0.0000798397469758465	13.535475596007299
0.00008087375093399575	13.828127120318571
0.00008192920437058296	14.130300465369878
0.00008300676305678636	14.442409910950158
0.0000841071088635933	14.764892324088176
0.00008523095101592212	15.098208639740214
0.00008637902741519503	15.442845454862432
0.00008755210603431127	15.799316745793726
0.00008875098638917932	16.168165719851935
0.0000899765010911792	16.54996681312985
0.00009122951748513855	16.945327847679017
0.0000925109393776237	17.35489236260685
0.00009382170886055654	17.779342135097266
0.00009516280823537282	18.219399909019977
0.00009653526204313317	18.675832350636767
0.00009794013920617128	19.149453252968275
0.00009937855528701905	19.64112701268113
0.00010085167487046389	20.15177240591911
0.00010236071407466687	20.682366692371613
0.00010390694319728619	21.233950080085688
0.00010549168950248416	21.807630587127647
0.00010711634015454248	22.404589340241845
0.000108782345303522	23.026086355189637
0.0001104912213279713	23.67346684855328
0.00011224455423905168	24.348168136527846
0.00011404400324958136	25.051727182690392
0.00011589130451032328	25.7857888640235
0.00011778827501430395	26.55211503269676
0.00011973681666794974	27.352594460402557
0.00012173892052526232	28.189253762547448
0.00012379667117800127	29.064269411492393
0.00012591225129072577	29.97998096149932
0.00012808794626438825	30.938905623307953
0.00013032614900572193	31.943754343583215
0.00013262936477162536	32.99744956412998
0.00013500021604777182	34.10314485810399
0.00013744144740829406	35.26424666582218
0.000139955930288088	36.484438381630525
0.00014254666758036085	37.767707076103854
0.00014521679794867931	39.11837317517512
0.00014796959971395132	40.5411234602508
0.00015080849414119923	42.04104780163905
0.0001537370479071137	43.623680092478466
0.00015675897447525768	45.295043912642775
0.00015987813403900712	47.06170352271976
0.00016309853160989716	48.930820868100746
0.00016642431272724452	50.91021936345342
0.0001698597561391475	53.008455329392
0.00017340926264945415	55.23489806690791
0.00017707733913287671	57.599819681809834
0.0001808685764822204	60.1144959114498
0.00018478761995653457	62.79131935917815
0.0001888391300330874	65.64392670720497
0.00019302773141217493	68.6873416533355
0.000197357947260492	71.93813549677296
0.00020183411507961575	75.41460747511609
0.0002064602797182245	79.13698711646711
0.00021124005796964345	83.12766099830057
0.0002161764678607371	87.41142636997621
0.00022127171408405582	92.01577405655054
0.00022652691898059527	96.97120285675679
0.0002319417859605741	102.31156718954445
0.00023751417915648815	108.07445890557288
0.00024323959932752754	114.3016227841247
0.000249110531463113	121.03940303115316
0.00025511563405826156	128.3392147306132
0.0002612387335760163	136.25802919476544
0.0002674575801620999	144.85885484751626
0.0002737423123591207	154.2111847634402
0.0002800535697510151	164.3913670858627
0.00028634018393884717	175.48283371825354
0.00029253637147606327	187.57609398662672
0.0002985583499271168	200.76836108926614
0.000304300304267841	215.16262752963848
0.00030962965207372814	230.86593897388377
0.0003143816024411278	247.98653270642566
0.0003183530900019632	266.6294083481139
0.00032129631179851105	286.88979153922156
0.00032291232656551146	308.8438528007377
0.0003228455211782064	332.53598762276187
0.0003206802305971979	357.96200946010316
0.00031594141654143164	385.0478483974861
0.000308102015096772	413.6239153194776
0.0002966002054590113	443.39633693099296
0.0002808701307495159	473.9179136044233
0.0002603890333447994	504.56388284541566
0.0002347417338512822	534.5200561964723
0.00020369935596579216	562.7928056749952
0.00016730319696228708	588.2503223978131
0.0001259378329842074	609.7009448614558
0.00008037260305557753	626.0062279606861
0.000031751171836528	636.2148357340573
-0.0000184823381058622	639.6920991885618
-0.00006871584804825655	636.2148357340568
-0.00011733727926730583	626.0062279606851
-0.00016290250919593537	609.7009448614543
-0.0002042678731740147	588.250322397811
-0.00024066403217751662	562.7928056749952
-0.000271706410063009	534.5200561964698
-0.00029735370955652577	504.56388284541316
-0.0003178348069612418	473.91791360442073
-0.0003335648816707367	443.39633693099046
-0.00034506669130849644	413.62391531947765
-0.00035290609275315655	385.04784839748373
-0.00035764490680892266	357.962009460101
-0.00035981019738993086	332.53598762275965
-0.00035987700277723584	308.8438528007357
-0.00035826098801023537	286.88979153922156
-0.00035531776621368724	266.62940834811224
-0.000351346278652852	247.98653270642416
-0.00034659432828545214	230.86593897388235
-0.00034126498047956487	215.16262752963726
-0.0003355230261388412	200.76836108926616
-0.00032950104768778715	187.57609398662566
-0.00032330486015057106	175.48283371825255
-0.00031701824596273886	164.3913670858618
-0.0003107069885708446	154.21118476343938
-0.0003044222563738243	144.85885484751626
-0.0002982034097877402	136.25802919476473
-0.00029208031026998544	128.33921473061258
-0.0002860752076748369	121.03940303115257
-0.0002802042755392515	114.3016227841242
-0.00027447885536821255	108.07445890557288
-0.000268906462172298	102.31156718954396
-0.0002634915951923192	96.97120285675636
-0.0002582363902957798	92.01577405655016
-0.0002531411440724611	87.41142636997583
-0.0002482047341813678	83.12766099830058
-0.00024342495592994846	79.1369871164668
-0.0002387987912913398	75.41460747511577
-0.00023432262347221602	71.93813549677269
-0.00022999240762389898	68.68734165333522
-0.00022580380624481178	65.64392670720497
-0.00022175229616825867	62.791319359177926
-0.0002178332526939445	60.11449591144959
-0.00021404201534460073	57.59981968180962
-0.00021037393886117828	55.23489806690771
-0.0002068244323508719	53.008455329392
-0.0002033889889389686	50.910219363453244
-0.00020006320782162127	48.93082086810059
-0.00019684281025073128	47.061703522719625
-0.00019372365068698184	45.29504391264265
-0.0001907017241188381	43.623680092478466
-0.0001877731703529234	42.041047801638925
-0.0001849342759256755	40.54112346025067
-0.0001821814741604035	39.11837317517501
-0.00017951134379208506	37.76770707610375
-0.00017692060649981237	36.48443838163052
-0.00017440612362001827	35.264246665822064
-0.00017196489225949603	34.103144858103896
-0.00016959404098334954	32.99744956412988
-0.00016729082521744614	31.943754343583127
-0.00016505262247611265	30.938905623307946
-0.00016287692750245	29.979980961499233
-0.00016076134738972548	29.06426941149231
-0.00015870359673698657	28.189253762547377
-0.00015670149287967398	27.35259446040249
-0.00015475295122602834	26.552115032696758
-0.00015285598072204754	25.785788864023438
-0.0001510086794613056	25.05172718269033
-0.00014920923045077595	24.348168136527782
-0.00014745589753969556	23.67346684855323
-0.00014574702151524642	23.026086355189637
-0.00014408101636626675	22.4045893402418
-0.00014245636571420843	21.8076305871276
-0.00014087161940901045	21.23395008008564
-0.00013932539028639116	20.682366692371573
-0.00013781635108218817	20.151772405919072
-0.00013634323149874336	19.64112701268109
-0.00013490481541789554	19.14945325296823
-0.00013349993825485746	18.675832350636725
-0.0001321274844470971	18.219399909019938
-0.00013078638507228084	17.779342135097234
-0.00012947561558934799	17.35489236260681
-0.00012819419369686282	16.945327847678985
-0.00012694117730290352	16.54996681312982
-0.00012571566260090363	16.168165719851906
-0.00012451678224603555	15.799316745793698
-0.00012334370362691936	15.442845454862407
-0.00012219562722764647	15.098208639740188
-0.00012107178507531759	14.764892324088144
-0.00011997143926851064	14.442409910950133
-0.00011889388058230731	14.130300465369855
-0.00011783842714572007	13.828127120318545
-0.00011680442318757082	13.535475596007279
-0.0001157912378470717	13.251952823538867
-0.00011479826404555907	12.977185664651362
-0.00011382491741601914	12.710819720024428
-0.00011287063528722527	12.452518219271402
-0.00011193487571948415	12.201960986330239
-0.00011101711658915029	11.95884347450035
-0.0001101168547192306	11.722875865858528
-0.00010923360505354954	11.493782230226811
-0.00010836689987208921	11.271299739266013
-0.00010751628804525364	11.055177931632091
-0.00010668133432493556	10.845178025464302
-0.00010586161867038492	10.641072274775679
-0.00010505673560699264	10.442643366591414
-0.00010426629361621246	10.249683855931995
-0.00010348991455494398	10.061995635966682
-0.00010272723310279738	9.879389440872602
-0.00010197789623575109	9.701684379126103
-0.00010124156272479709	9.528707495127938
-0.00010051790265825225	9.360293357224737
-0.00009980659698648536	9.19628367033553
-0.00009910733708788472	9.036526911527432
-0.00009841982435495544	8.880877987007922
-0.00009774376979949919	8.729197909114786
-0.00009707889367588969	8.581353491989182
-0.00009642492512151043	8.437217064713016
-0.00009578160181347573	8.296666200780301
-0.00009514866964080447	8.15958346285319
-0.00009452588239126214	8.025856161828388
-0.00009391300145213153	7.895376129308585
-0.00009330979552421135	7.768039502637052
-0.00009271604034838278	7.643746521712445
-0.00009213151844411945	7.522401336855057
-0.00009155601885934958	7.403911827045657
-0.00009098933693111322	7.28818942790479
-0.00009043127405648594	7.175148968822779
-0.00008988163747326958	7.064708518690755
-0.00008934024004997806	6.956789239719502
-0.00008880690008467004	6.85131524886707
-0.00008828144111220644	6.7482134864277254
-0.00008776369171953035	6.6474135913638355
-0.00008725348536859043	6.5488477829897915
-0.00008675066022654789	6.452450748642039
-0.00008625505900292567	6.358159536992843
-0.00008576652879337709	6.2659134566872865
-0.00008528492092976674	6.175653980003019
-0.00008481009083627346	6.0873246512514205
-0.00008434189789123944	6.000870999656232
-0.00008388020529450319	5.91624045646206
-0.00008342487993996896	5.833382276040543
-0.00008297579229317556	5.752247460775944
-0.00008253281627364113	5.672788689525416
-0.00008209582914177117	5.594960249461408
-0.00008166471139012676	5.5187179711152625
-0.00008123934663886197	5.444019166451905
-0.00008081962153514644	5.370822569815448
-0.00008040542565640028	5.299088281595124
-0.00007999665141717527	5.228777714469677
-0.00007959319397952538	5.1598535420965534
-0.00007919495116671721	5.092279650120102
-0.00007880182338013701	5.026021089380006
-0.00007841371351925943	4.961044031208093
-0.00007803052690454812	4.897315724708003
-0.00007765217120316541	4.834804455918012
-0.0000772785563573737	4.773479508763118
-0.00007690959451551653	4.713311127707439
-0.00007654519996547278	4.654270482023173
-0.00007618528907048253	4.596329631596784
-0.00007582978020724722	4.5394614941974725
-0.00007547859370621204	4.483639814137164
-0.00007513165179394169	4.428839132254861
-0.00007478887853750575	4.375034757162018
-0.00007445019979079279	4.3222027376888805
-0.00007411554314267646	4.270319836474916
-0.00007378483786696064	4.219363504649546
-0.00007345801487403255	4.1693118575520876
-0.00007313500666415752	4.120143651442602
-0.00007281574728235131	4.071838261157791
-0.00007250017227476824	4.024375658668441
-0.00007218821864654726	3.977736392497225
-0.0000718798248210592	3.931901567957678
-0.00007157493060050207	3.8868528281771737
-0.00007127347712779312	3.8425723358687116
-0.00007097540684970806	3.7990427558179043
-0.0000706806634812212	3.7562472380534424
-0.0000703891919710008	3.7141694016706897
-0.00007010093846801704	3.672793319279728
-0.00006981585028922082	3.632103502050463
-0.00006953387588825431	3.5920848853288176
-0.00006925496482515515	3.5527228147992735
-0.00006897906773701775	3.514003033170186
-0.00006870613630957703	3.475911667359496
-0.00006843612324968134	3.4384352161595
-0.00006816898225862208	3.4015605383603194
-0.00006790466800628986	3.3652748413127895
-0.00006764313610612691	3.3295656699122262
-0.00006738434309084834	3.2944208959855694
-0.00006712824638890429	3.2598287080650983
-0.00006687480430165735	3.2257776015327515
-0.00006662397598124998	3.192256369119821
-0.00006637572140913801	3.159254091747448
-0.0000661300013752669	3.1267601296940573
-0.00006588677745786881	3.0947641140764994
-0.00006564601200385879	3.0632559386322082
-0.0000654076681098101	3.032225751790375
-0.00006517170960348833	3.0016639490204993
-0.00006493810102592578	2.97156116544739
-0.00006470680761401778	2.941908268722032
-0.00006447779528362316	2.9126963521382514
-0.00006425103061315253	2.883916727985605
-0.00006402648082762756	2.855560921129226
-0.00006380411378319589	2.827620662807859
-0.00006358389795208678	2.800087884641672
-0.00006336580240799273	2.7729547128417553
-0.00006314979681186337	2.7462134626136425
-0.00006293585139809803	2.7198566327474207
-0.00006272393696112411	2.693876900387399
-0.00006251402484234902	2.6682671159745643
-0.00006230608691747309	2.643020298355303
-0.0000621000955841527	2.6181296300502512
-0.00006189602375000183	2.593588452677237
-0.00006169384482092161	2.5693902625226794
-0.00006149353268974739	2.545528706255932
-0.0000612950617252033	2.5219975767813443
-0.0000610984067611551	2.4987908092230353
-0.000060903543086151086	2.475902477037502
-0.00006071044643324335	2.4533267882494947
-0.00006051909297007959	2.4310580818066807
-0.0000603294592892577	2.409090824048851
-0.00006014152239893532	2.387419605287588
-0.00005995525971368587	2.3660391364924442
-0.00005977064904559416	2.3449442460798906
-0.00005958766859558399	2.3241298768013885
-0.00005940629694497104	2.3035910827271215
-0.00005922651304723396	2.2833230263220488
-0.00005904829621999742	2.2633209756110557
-0.000058871626137220535	2.243580301430117
-0.000058696482821584907	2.2240964747605276
-0.00005852284663707595	2.2048650641433154
-0.0000583506982817524	2.1858817331711236
-0.000058180018780697844	2.167142238054906
-0.00005801078947914947	2.148642425262906
-0.0000578429920357986	2.1303782292294815
-0.00005767660841625812	2.1123456701314107
-0.00005751162088669211	2.0945408517294486
-0.000057348012007602764	2.076959959272927
-0.000057185764627770316	2.0595992574653237
-0.000057024861878341545	2.042455088488781
-0.00005686528716706258	2.0255238700856144
-0.00005670702417265209	2.0088020936949835
-0.0000565500568393106	1.9922863226428658
-0.000056394369371362594	1.9759731903836504
-0.00005623994622802717	1.9598593987916502
-0.000056086772118313945	1.9439417165009165
-0.00005593483199604092	1.9282169772918352
-0.00005578411105497041	1.9126820785229661
-0.00005563459472406033	1.8973339796067097
-0.000055486268662827354	1.8821697005274005
-0.00005533911875681897	1.8671863204004748
-0.00005519313111319157	1.8523809760714485
-0.00005504829205639144	1.8377508607533934
-0.00005490458812393634	1.8232932227017942
-0.00005476200606229432	1.8090053639255395
-0.00005462053282285781	1.7948846389329771
-0.000054480155558009975	1.7809284535119216
-0.00005434086161728111	1.7671342635425886
-0.000054202638543592703	1.7534995738424277
-0.000054065474069586686	1.7400219370418926
-0.00005392935611403773	1.7266989524901952
-0.000053794272778346515	1.7135282651901431
-0.00005366021234311155	1.7005075647611665
-0.000053527163264778003	1.6876345844297176
-0.0000533951141723609	1.6749071000461797
-0.00005326405386424143	1.6623229291275177
-0.00005313397130503389	1.6498799299249078
-0.00005300485562252187	1.637576000515588
-0.00005287669610466174	1.6254090779182262
-0.000052749482196651815	1.6133771372311072
-0.000052623203498065235	1.6014781907924711
-0.00005249784976004554	1.5897102873623579
-0.00005237341088256255	1.5780715113253176
-0.000052249876911727965	1.5665599819134124
-0.00005212723803716833	1.55517385244888
-0.00005200548458945446	1.5439113096059283
-0.00005188460703758586	1.53277057269109
-0.00005176459598652847	1.5217498929416207
-0.0000516454421748049	1.510847552841413
-0.00005152713647213539	1.5000618654539377
-0.00005140966987712861	1.4893911737717263
-0.000051293033515020896	1.4788338500819296
-0.00005117721863546266	1.4683882953474923
-0.000051062216610351265	1.4580529386035297
-0.000050948018931708625	1.4478262363684467
-0.00005083461720960289	1.4377066720694205
-0.00005072200317011305	1.4276927554818277
-0.00005061016865333531	1.4177830221822443
-0.00005049910561143048	1.407976033014634
-0.00005038880610671113	1.3982703735693722
-0.0000502792623097678	1.3886646536747467
-0.00005017046649763311	1.3791575069006006
-0.00005006241105198317	1.3697475900737777
-0.00004995508845737515	1.3604335828050746
-0.00004984849129952034	1.3512141870273542
-0.00004974261226359168	1.342088126544549
-0.00004963744413256523	1.3330541465912509
-0.00004953297978559451	1.3241110134026035
-0.000049429212196417234	1.3152575137942242
-0.000049326134431793356	1.3064924547518948
-0.00004922373964997409	1.2978146630307517
-0.000049122021099200845	1.289222984763737
-0.00004902097211623367	1.280716285079052
-0.00004892058612490835	1.2722934477264023
-0.0000488208566347216	1.2639533747117726
-0.000048721777239443694	1.255694985940535
-0.000048623341615757856	1.2475172188686627
-0.00004852554352192606	1.2394190281618416
-0.00004842837679648017	1.2313993853622796
-0.000048331835356938437	1.223457278563006
-0.000048235913198546236	1.2155917120894868
-0.000048140604393041043	1.2078017061883457
-0.000048045903087440514	1.2000862967230304
-0.0000479518035028538	1.1924445348762396
-0.00004785829993331509	1.1848754868589408
-0.00004776538674463913	1.1773782336258038
-0.00004767305837329812	1.1699518705969092
-0.00004758130932531973	1.1625955073855507
-0.0000474901341752055	1.1553082675320034
-0.00004739952756486942	1.1480892882430818
-0.00004730948420259605	1.1409377201373712
-0.000047219998862018	1.133852726995976
-0.00004713106638111206	1.1268334855186442
-0.00004704268166121394	1.1198791850851597
-0.00004695483966605084	1.112989027521845
-0.00004686753542079177	1.1061622268730658
-0.000046780764011115084	1.0993980091776137
-0.00004669452058229295	1.0926956122498408
-0.00004660880033829234	1.0860542854654462
-0.00004652359854089217	1.0794732895517831
-0.00004643891050881646	1.072951896382591
-0.00004635473161688277	1.066489388777046
-0.000046271057295166026	1.0600850603030156
-0.00004618788302817729	1.0537382150844314
-0.00004610520435405685	1.0474481676126732
-0.00004602301686378183	1.0412142425618682
-0.00004594131620038773	1.0350357746080179
-0.00004586009805820356	1.0289121082518613
-0.00004577935818210051	1.0228425976453857
-0.0000456990923667538	1.0168266064218938
-0.000045619296455917206	1.0108635075295562
-0.00004553996634171047	1.0049526830683602
-0.00004546109796391885	0.9990935241303688
-0.00004538268730930492	0.993285430643234
-0.000045304730410932216	0.9875278112168702
-0.000045227223347500467	0.9818200829932173
-0.00004515016224269224	0.9761616714990337
-0.00004507354326453088	0.9705520105016384
-0.00004499736262474912	0.9649905418675394
-0.00004492161657816879	0.9594767154238835
-0.00004484630142209076	0.954009988822661
-0.00004477141349569536	0.9485898274076028
-0.00004469694917945274	0.9432157040837105
-0.00004462290489454344	0.9378870991893653
-0.00004454927710228835	0.9326035003709425
-0.00004447606230358844	0.9273644024598943
-0.000044403257038373735	0.92216930735223
-0.00004433085788506141	0.9170177238903513
-0.000044258861460023056	0.9119091677471853
-0.00004418726441706048	0.9068431613125632
-0.00004411606344689052	0.9018192335817976
-0.000044045255276637864	0.8968369200464097
-0.00004397483666933673	0.8918957625869596
-0.00004390480442344022	0.8869953093679304
-0.000043835155372338025	0.8821351147346251
-0.00004376588638388174	0.8773147391120305
-0.00004369699435991805	0.8725337489056054
-0.00004362847623582942	0.8677917164039514
-0.00004356032898008216	0.8630882196833257
-0.00004349254959378181	0.8584228425139591
-0.000043425135110235674	0.8537951742681344
-0.00004335808259452233	0.8492048098299881
-0.000043291389143068026	0.8446513495070105
-0.0000432250518832299	0.8401343989431882
-0.00004315906797288563	0.8356535690337709
-0.000043093434600029855	0.831208475841619
-0.00004302814898237676	0.8267987405151008
-0.000042963208366968965	0.8224239892075081
-0.000042898610029792754	0.8180838529979575
-0.000042834351275399045	0.8137779678137431
-0.000042770429436530477	0.8095059743541161
-0.00004270684187375431	0.8052675180154529
-0.00004264358597510102	0.801062248817797
-0.00004258065915570839	0.7968898213327285
-0.00004251805885747134	0.7927498946125454
-0.000042455782548696984	0.7886421321207291
-0.00004239382772376502	0.7845662016636605
-0.000042332191902793455	0.7805217753235721
-0.00004227087263130933	0.7765085293926934
-0.00004220986747992452	0.77252614430859
-0.00004214917404401654	0.7685743045906467
-0.00004208878994341409	0.7646526987776847
-0.000042028712822087447	0.7607610193666954
-0.00004196894034784358	0.756898962752652
-0.0000419094702120258	0.7530662291693874
-0.0000418503001292179	0.7492625226315184
-0.00004179142783695287	0.7454875508773887
-0.0000417328510954259	0.7417410253130172
-0.0000416745676872116	0.7380226609570227
-0.0000416165754169856	0.7343321763865155
-0.00004155887211125019	0.7306692936839284
-0.00004150145561806401	0.7270337383847735
-0.000041444323806775804	0.7234252394263062
-0.00004138747456776209	0.7198435290970738
-0.00004133090581216873	0.7162883429873366
-0.00004127461547165613	0.7127594199403412
-0.00004121860149814847	0.7092565020044328
-0.00004116286186358625	0.7057793343859838
-0.00004110739455968282	0.7023276654031305
-0.000041052197597684105	0.6989012464402957
-0.000040997269008132096	0.695499831903486
-0.00004094260684063153	0.6921231791763446
-0.00004088820916362019	0.6887710485769533
-0.00004083407406414228	0.6854432033153576
-0.000040780199647625274	0.6821394094518108
-0.00004072658403765972	0.6788594358557175
-0.00004067322537578248	0.6756030541652671
-0.00004062012182126283	0.6723700387477403
-0.000040567271550891704	0.669160166660479
-0.00004051467275877397	0.6659732176125048
-0.00004046232365612362	0.6628089739267762
-0.00004041022247106173	0.6596672205030669
-0.000040358367448417554	0.6565477447814642
-0.00004030675684953217	0.6534503367064611
-0.00004025538895206492	0.6503747886916462
-0.00004020426204980269	0.6473208955849674
-0.00004015337445247178	0.6442884546345681
-0.00004010272448555237	0.6412772654551774
-0.00004005231049009551	0.6382871299950521
-0.00004000213082254293	0.6353178525034531
-0.00003995218385454898	0.6323692394986506
-0.000039902467972805274	0.6294410997364457
-0.00003985298157886772	0.6265332441792013
-0.000039803723088985794	0.6236454859653721
-0.00003975469093393436	0.6207776403795225
-0.000039705883558847614	0.6179295248228271
-0.00003965729942305544	0.6151009587840409
-0.00003960893699992186	0.6122917638109351
-0.00003956079477668584	0.6095017634821863
-0.00003951287125430405	0.6067307833797121
-0.000039465164947296065	0.6039786510614473
-0.00003941767438359123	0.6012451960345464
-0.000039370398104378026	0.5985302497290135
-0.000039323334663955154	0.5958336454717458
-0.00003927648262958482	0.5931552184609827
-0.00003922984058134774	0.5904948057411596
-0.00003918340711200042	0.5878522461781495
-0.000039137180826834045	0.5852273804348969
-0.00003909116034353537	0.5826200509474266
-0.00003904534429204945	0.5800301019012266
-0.00003899973131444425	0.5774573792079986
-0.00003895432006477682	0.5749017304827645
-0.000038909109208961566	0.5723630050213303
-0.000038864097424639996	0.5698410537780945
-0.000038819283401052235	0.5673357293441982
-0.00003877466583891034	0.5648468859260095
-0.00003873024345027308	0.5623743793239385
-0.00003868601495842254	0.5599180669115743
-0.000038641979097742184	0.5574778076151398
-0.0000385981346135966	0.555053461893261
-0.000038554480262212754	0.5526448917170395
-0.00003851101481056276	0.5502519605504281
-0.00003846773703624824	0.5478745333309051
-0.0000384246457273861	0.5455124764504365
-0.00003838173968249586	0.5431656577367256
-0.000038339017710388264	0.5408339464347441
-0.000038296478630055505	0.5385172131885401
-0.00003825412127056276	0.5362153300233159
-0.000038211944470941116	0.5339281703277768
-0.0000381699470800818	0.531655608836738
-0.00003812812795663194	0.5293975216139938
-0.000038086485968891364	0.5271537860354357
-0.00003804501999471096	0.5249242807724261
-0.0000380037289213922	0.5227088857754125
-0.000037962611645587904	0.5205074822577853
-0.00003792166707320432	0.5183199526799702
-0.00003788089411930437	0.5161461807337578
-0.00003784029170801218	0.5139860513268585
-0.00003779985877241874	0.5118394505676856
-0.000037759594254488705	0.5097062657503579
-0.00003771949710496851	0.5075863853399222
-0.00003767956628329542	0.5054796989577892
-0.00003763980075750785	0.5033860973673799
-0.00003760019950415677	0.5013054724599805
-0.00003756076150821813	0.4992377172408007
-0.00003752148576300649	0.49718272581523204
-0.0000374823712700895	0.495140393375304
-0.000037443417039203756	0.4931106161863349
-0.00003740462208817128	0.4910932915737719
-0.000037365985442817434	0.4890883179102206
-0.00003732750613688945	0.4870955946026595
-0.00003728918321197624	0.48511502207983254
-0.00003725101571742905	0.4831465017798271
-0.00003721300271028307	0.4811899361378204
-0.00003717514325518004	0.47924522857400564
-0.00003713743642429174	0.47731228348168325
-0.00003709988129724441	0.4753910062155224
-0.00003706247696104418	0.47348130307998737
-0.000037025222510003185	0.4715830813179242
-0.00003698811704566678	0.46969624909931035
-0.000036951159676741467	0.467820715510157