0.	4.996343391483938e-7
0.6831936437188119	5.016374162980354e-7
1.3663872874376237	5.036525604277754e-7
2.0495809311564357	5.056798686341063e-7
2.7327745748752474	5.077194389918496e-7
3.415968218594059	5.097713705660047e-7
4.099161862312871	5.118357634237675e-7
4.782355506031683	5.139127186467184e-7
5.465549149750495	5.160023383431833e-7
6.148742793469307	5.181047256607712e-7
6.831936437188118	5.202199847990909e-7
7.51513008090693	5.223482210226478e-7
8.198323724625743	5.24489540673929e-7
8.881517368344554	5.266440511866723e-7
9.564711012063366	5.288118610993291e-7
10.247904655782177	5.3099308006872e-7
10.93109829950099	5.331878188838876e-7
11.614291943219802	5.353961894801508e-7
12.297485586938613	5.376183049533625e-7
12.980679230657426	5.398542795743741e-7
13.663872874376237	5.421042288037113e-7
14.34706651809505	5.443682693064638e-7
15.03026016181386	5.466465189673936e-7
15.713453805532673	5.489390969062632e-7
16.396647449251486	5.512461234933911e-7
17.079841092970298	5.535677203654338e-7
17.763034736689107	5.559040104414029e-7
18.44622838040792	5.582551179389179e-7
19.129422024126733	5.60621168390699e-7
19.812615667845545	5.630022886613072e-7
20.495809311564354	5.6539860696413e-7
21.179002955283167	5.678102528786234e-7
21.86219659900198	5.7023735736781e-7
22.545390242720792	5.726800527960388e-7
23.228583886439605	5.751384729470135e-7
23.911777530158414	5.776127530420882e-7
24.594971173877227	5.801030297588427e-7
25.27816481759604	5.826094412499356e-7
25.961358461314852	5.851321271622446e-7
26.64455210503366	5.876712286562952e-7
27.327745748752474	5.902268884259865e-7
28.010939392471286	5.92799250718616e-7
28.6941330361901	5.953884613552104e-7
29.37732667990891	5.979946677511692e-7
30.06052032362772	6.006180189372219e-7
30.743713967346533	6.032586655807094e-7
31.426907611065346	6.059167600071916e-7
32.110101254784155	6.085924562223906e-7
32.79329489850297	6.112859099344699e-7
33.47648854222178	6.139972785766638e-7
34.159682185940596	6.167267213302524e-7
34.842875829659405	6.194743991478998e-7
35.526069473378215	6.222404747773532e-7
36.20926311709703	6.250251127855135e-7
36.89245676081584	6.278284795828838e-7
37.57565040453465	6.306507434484012e-7
38.258844048253465	6.334920745546594e-7
38.942037691972274	6.3635264499353e-7
39.62523133569109	6.392326288021894e-7
40.3084249794099	6.421322019895567e-7
40.99161862312871	6.450515425631529e-7
41.674812266847525	6.479908305563872e-7
42.358005910566334	6.509502480562795e-7
43.04119955428515	6.539299792316255e-7
43.72439319800396	6.569302103616131e-7
44.40758684172277	6.599511298649007e-7
45.090780485441584	6.629929283291606e-7
45.77397412916039	6.660557985411028e-7
46.45716777287921	6.691399355169813e-7
47.14036141659802	6.72245536533598e-7
47.82355506031683	6.753728011598088e-7
48.506748704035644	6.785219312885427e-7
49.18994234775445	6.816931311693461e-7
49.87313599147327	6.848866074414575e-7
50.55632963519208	6.881025691674256e-7
51.23952327891089	6.913412278672806e-7
51.922716922629704	6.946027975532688e-7
52.60591056634851	6.978874947651601e-7
53.28910421006732	7.011955386061416e-7
53.97229785378614	7.045271507793068e-7
54.65549149750495	7.078825556247516e-7
55.33868514122376	7.11261980157288e-7
56.02187878494257	7.146656541047907e-7
56.70507242866138	7.180938099471861e-7
57.3882660723802	7.21546682956093e-7
58.07145971609901	7.250245112351355e-7
58.75465335981782	7.285275357609332e-7
59.43784700353663	7.320560004247855e-7
60.12104064725544	7.35610152075065e-7
60.80423429097426	7.391902405603292e-7
61.487427934693066	7.427965187731679e-7
62.17062157841188	7.464292426948003e-7
62.85381522213069	7.500886714404354e-7
63.5370088658495	7.537750673054117e-7
64.22020250956831	7.574886958121301e-7
64.90339615328713	7.612298257577977e-7
65.58658979700594	7.649987292629969e-7
66.26978344072475	7.68795681821096e-7
66.95297708444356	7.726209623485209e-7
67.63617072816237	7.764748532358989e-7
68.31936437188119	7.803576404001009e-7
69.0025580156	7.842696133371902e-7
69.68575165931881	7.882110651763036e-7
70.36894530303762	7.92182292734481e-7
71.05213894675643	7.961835965724611e-7
71.73533259047525	8.002152810514639e-7
72.41852623419406	8.042776543909818e-7
73.10171987791287	8.083710287275972e-7
73.78491352163168	8.124957201748473e-7
74.46810716535049	8.166520488841616e-7
75.1513008090693	8.208403391068872e-7
75.83449445278812	8.250609192574312e-7
76.51768809650693	8.293141219775386e-7
77.20088174022574	8.336002842017313e-7
77.88407538394455	8.379197472239298e-7
78.56726902766336	8.422728567652875e-7
79.25046267138218	8.466599630432536e-7
79.93365631510099	8.510814208419016e-7
80.6168499588198	8.555375895835391e-7
81.30004360253861	8.600288334016343e-7
81.98323724625742	8.645555212150797e-7
82.66643088997624	8.691180268038283e-7
83.34962453369505	8.737167288859233e-7
84.03281817741386	8.783520111959595e-7
84.71601182113267	8.830242625649994e-7
85.39920546485148	8.877338770019781e-7
86.0823991085703	8.924812537766298e-7
86.76559275228911	8.972667975039667e-7
87.44878639600792	9.020909182303441e-7
88.13198003972673	9.069540315211449e-7
88.81517368344554	9.118565585501212e-7
89.49836732716436	9.167989261904247e-7
90.18156097088317	9.217815671073673e-7
90.86475461460198	9.268049198529455e-7
91.54794825832079	9.318694289621682e-7
92.2311419020396	9.369755450512287e-7
92.91433554575842	9.421237249175598e-7
93.59752918947723	9.473144316418137e-7
94.28072283319604	9.525481346918106e-7
94.96391647691485	9.578253100284955e-7
95.64711012063366	9.631464402139536e-7
96.33030376435248	9.685120145215242e-7
97.01349740807129	9.739225290480642e-7
97.6966910517901	9.793784868284067e-7
98.3798846955089	9.84880397952066e-7
99.06307833922772	9.904287796822344e-7
99.74627198294654	9.96024156577133e-7
100.42946562666535	1.0016670606137548e-6
101.11265927038416	1.0073580313140707e-6
101.79585291410297	1.0130976158737384e-6
102.47904655782177	1.0188863692933842e-6
103.16224020154058	1.0247248545125098e-6
103.84543384525941	1.0306136425460854e-6
104.52862748897822	1.036553312623889e-6
105.21182113269703	1.0425444523326634e-6
105.89501477641583	1.0485876577611428e-6
106.57820842013464	1.0546835336480271e-6
107.26140206385347	1.0608326935329677e-6
107.94459570757228	1.0670357599106332e-6
108.62778935129109	1.0732933643879307e-6
109.3109829950099	1.0796061478444562e-6
109.9941766387287	1.0859747605962457e-6
110.67737028244753	1.092399862562913e-6
111.36056392616634	1.0988821234382434e-6
112.04375756988514	1.1054222228643382e-6
112.72695121360395	1.1120208506093821e-6
113.41014485732276	1.118678706749128e-6
114.09333850104159	1.1253965018521877e-6
114.7765321447604	1.1321749571692124e-6
115.4597257884792	1.1390148048260699e-6
116.14291943219801	1.1459167880211005e-6
116.82611307591682	1.1528816612265609e-6
117.50930671963565	1.1599101903943553e-6
118.19250036335445	1.1670031531661528e-6
118.87569400707326	1.17416133908801e-6
119.55888765079207	1.1813855498295926e-6
120.24208129451088	1.1886765994081277e-6
120.9252749382297	1.1960353144171903e-6
121.60846858194851	1.2034625342604462e-6
122.29166222566732	1.2109591113904806e-6
122.97485586938613	1.2185259115528297e-6
123.65804951310494	1.2261638140353537e-6
124.34124315682377	1.2338737119230802e-6
125.02443680054257	1.2416565123586542e-6
125.70763044426138	1.2495131368085447e-6
126.39082408798019	1.2574445213351399e-6
127.074017731699	1.2654516168748946e-6
127.75721137541782	1.2735353895226743e-6
128.44040501913662	1.2816968208224546e-6
129.12359866285544	1.2899369080645481e-6
129.80679230657427	1.2982566645895128e-6
130.48998595029306	1.3066571200989256e-6
131.17317959401188	1.315139320973193e-6
131.85637323773068	1.3237043305965826e-6
132.5395668814495	1.332353229689663e-6
133.22276052516833	1.3410871166493475e-6
133.90595416888712	1.3499071078967381e-6
134.58914781260594	1.358814338232979e-6
135.27234145632474	1.367809961203322e-6
135.95553510004356	1.3768951494696357e-6
136.63872874376239	1.386071095191567e-6
137.32192238748118	1.3953390104165959e-6
138.0051160312	1.4047001274792195e-6
138.6883096749188	1.4141556994095024e-6
139.37150331863762	1.4237070003512605e-6
140.05469696235645	1.433355325990119e-6
140.73789060607524	1.443101993991732e-6
141.42108424979406	1.452948344450424e-6
142.10427789351286	1.462895740348545e-6
142.78747153723168	1.4729455680268336e-6
143.4706651809505	1.4830992376660842e-6
144.1538588246693	1.4933581837804348e-6
144.83705246838812	1.503723865722596e-6
145.52024611210692	1.5141977682013499e-6
146.20343975582574	1.5247814018116638e-6
146.88663339954454	1.535476303577766e-6
147.56982704326336	1.5462840375095563e-6
148.25302068698218	1.5572061951727136e-6
148.93621433070098	1.5682443962728966e-6
149.6194079744198	1.579400289254437e-6
150.3026016181386	1.5906755519139274e-6
150.98579526185742	1.6020718920291447e-6
151.66898890557624	1.6135910480037272e-6
152.35218254929504	1.6252347895280804e-6
153.03537619301386	1.637004918256962e-6
153.71856983673266	1.648903268504238e-6
154.40176348045148	1.6609317079553053e-6
155.0849571241703	1.673092138397694e-6
155.7681507678891	1.6853864964703848e-6
156.45134441160792	1.697816754432393e-6
157.13453805532671	1.7103849209511755e-6
157.81773169904554	1.7230930419114603e-6
158.50092534276436	1.7359432012450971e-6
159.18411898648316	1.7489375217825557e-6
159.86731263020198	1.7620781661267253e-6
160.55050627392077	1.7753673375496712e-6
161.2336999176396	1.788807280913059e-6
161.91689356135842	1.8024002836129424e-6
162.60008720507722	1.8161486765496668e-6
163.28328084879604	1.8300548351236552e-6
163.96647449251483	1.8441211802578512e-6
164.64966813623366	1.8583501794476642e-6
165.33286177995248	1.8727443478392327e-6
166.01605542367128	1.8873062493369127e-6
166.6992490673901	1.9020384977408751e-6
167.3824427111089	1.9169437579157634e-6
168.06563635482772	1.932024746991379e-6
168.74882999854654	1.9472842355963985e-6
169.43202364226534	1.9627250491261715e-6
170.11521728598416	1.9783500690456725e-6
170.79841092970295	1.9941622342287204e-6
171.48160457342178	2.0101645423346396e-6
172.1647982171406	2.026360051223532e-6
172.8479918608594	2.0427518804114404e-6
173.53118550457822	2.0593432125666595e-6
174.214379148297	2.07613729504854e-6
174.89757279201584	2.093137441490179e-6
175.58076643573466	2.110347033426408e-6
176.26396007945345	2.1277695219685937e-6
176.94715372317228	2.1454084295277695e-6
177.63034736689107	2.163267351587707e-6
178.3135410106099	2.1813499585295954e-6
178.99673465432872	2.1996599975100264e-6
179.6799282980475	2.2182012943941003e-6
180.36312194176634	2.236977755745484e-6
181.04631558548513	2.2559933708753535e-6
181.72950922920396	2.2752522139522232e-6
182.41270287292278	2.294758446174724e-6
183.09589651664157	2.3145163180094924e-6
183.7790901603604	2.3345301714964114e-6
184.4622838040792	2.3548044426235095e-6
185.14547744779802	2.375343663773955e-6
185.82867109151684	2.396152466247626e-6
186.51186473523563	2.417235582859897e-6
187.19505837895446	2.4385978506203185e-6
187.87825202267325	2.4602442134940264e-6
188.56144566639207	2.482179725248803e-6
189.2446393101109	2.5044095523908414e-6
189.9278329538297	2.526938977192371e-6
190.61102659754852	2.5497734008144537e-6
191.2942202412673	2.5729183465283603e-6
191.97741388498613	2.596379463039131e-6
192.66060752870496	2.620162527914983e-6
193.34380117242375	2.644273451126485e-6
194.02699481614258	2.668718278699495e-6
194.71018845986137	2.6935031964860485e-6
195.3933821035802	2.7186345340576e-6
196.07657574729902	2.7441187687251233e-6
196.7597693910178	2.769962529690849e-6
197.44296303473664	2.796172602336559e-6
198.12615667845543	2.822755932653589e-6
198.80935032217425	2.849719631819933e-6
199.49254396589308	2.8770709809300033e-6
200.17573760961187	2.9048174358829344e-6
200.8589312533307	2.9329666324354984e-6
201.5421248970495	2.961526391425979e-6
202.2253185407683	2.990504724175669e-6
202.90851218448714	3.019909838074872e-6
203.59170582820593	3.049750142360688e-6
204.27489947192475	3.0800342540940843e-6
204.95809311564355	3.110771004344156e-6
205.64128675936237	3.1419694445878276e-6
206.32448040308117	3.173638853333558e-6
207.0076740468	3.205788742978089e-6
207.69086769051881	3.2384288669056037e-6
208.3740613342376	3.271569226839138e-6
209.05725497795643	3.305220080454529e-6
209.74044862167523	3.3393919492676235e-6
210.42364226539405	3.3740956268060476e-6
211.10683590911287	3.409342187077233e-6
211.79002955283167	3.445142993345097e-6
212.4732231965505	3.481509707228231e-6
213.1564168402693	3.5184542981330925e-6
213.8396104839881	3.5559890530364037e-6
214.52280412770693	3.594126586631514e-6
215.20599777142573	3.6328798518543046e-6
215.88919141514455	3.672262150804901e-6
216.57238505886335	3.7122871460822467e-6
217.25557870258217	3.752968872549466e-6
217.938772346301	3.794321749548773e-6
218.6219659900198	3.836360593585626e-6
219.3051596337386	3.879100631502818e-6
219.9883532774574	3.922557514166177e-6
220.67154692117623	3.966747330684702e-6
221.35474056489505	4.01168662318902e-6
222.03793420861385	4.05739240219336e-6
222.72112785233267	4.103882162567428e-6
223.40432149605147	4.151173900145955e-6
224.0875151397703	4.199286129005156e-6
224.7707087834891	4.2482378994367545e-6
225.4539024272079	4.2980488166519285e-6
226.13709607092673	4.348739060249136e-6
226.82028971464553	4.400329404481625e-6
227.50348335836435	4.452841239362292e-6
228.18667700208317	4.50629659264556e-6
228.86987064580197	4.560718152728102e-6
229.5530642895208	4.616129292512438e-6
230.23625793323959	4.672554094279823e-6
230.9194515769584	4.730017375621459e-6
231.60264522067723	4.788544716479564e-6
232.28583886439603	4.848162487352898e-6
232.96903250811485	4.908897878724185e-6
233.65222615183364	4.970778931770153e-6
234.33541979555247	5.0338345704183545e-6
235.0186134392713	5.098094634818454e-6
235.7018070829901	5.1635899162995924e-6
236.3850007267089	5.230352193889535e-6
237.0681943704277	5.298414272475555e-6
237.75138801414653	5.367810022691805e-6
238.43458165786535	5.4385744226226654e-6
239.11777530158415	5.510743601416981e-6
239.80096894530297	5.584354884913572e-6
240.48416258902176	5.659446843384381e-6
241.1673562327406	5.736059341508064e-6
241.8505498764594	5.814233590693431e-6
242.5337435201782	5.894012203879576e-6
243.21693716389703	5.975439252947088e-6
243.90013080761582	6.058560328883041e-6
244.58332445133465	6.143422604851323e-6
245.26651809505347	6.230074902329105e-6
245.94971173877227	6.318567760480537e-6
246.6329053824911	6.408953508949325e-6
247.31609902620988	6.501286344263435e-6
247.9992926699287	6.595622410057573e-6
248.68248631364753	6.692019881332111e-6
249.36567995736632	6.790539052981519e-6
250.04887360108515	6.8912424328403456e-6
250.73206724480394	6.994194839511104e-6
251.41526088852277	7.099463505256035e-6
252.0984545322416	7.207118184253208e-6
252.78164817596038	7.317231266537817e-6
253.4648418196792	7.429877897971039e-6
254.148035463398	7.545136106602042e-6
254.83122910711683	7.663086935814024e-6
255.51442275083565	7.78381458467173e-6
256.1976163945545	7.907406555917303e-6
256.88081003827324	8.033953812092295e-6
257.56400368199206	8.163550940297596e-6
258.2471973257109	8.296296326139111e-6
258.9303909694297	8.432292337446646e-6
259.61358461314853	8.571645518395464e-6
260.2967782568673	8.714466794705898e-6
260.9799719005861	8.860871690645956e-6
261.66316554430495	9.010980558615133e-6
262.34635918802377	9.16491882214586e-6
263.0295528317426	9.322817233221518e-6
263.71274647546136	9.484812144877934e-6
264.3959401191802	9.651045800129099e-6
265.079133762899	9.821666638337453e-6
265.7623274066178	9.996829620236325e-6
266.44552105033665	0.0000101766965729059
267.1287146940554	0.00001036143655610677
267.81190833777424	0.000010551226251486592
268.49510198149306	0.00001074625037629633
269.1782956252119	0.000010946702123385052
269.8614892689307	0.000011152783629385876
270.5446829126495	0.000011364706473162604
271.2278765563683	0.000011582692206758213
271.9110702000871	0.000011806972921272855
272.59426384380595	0.000012037791850304196
273.27745748752477	0.000012275404013805909
273.96065113124354	0.00001252007690546511
274.64384477496236	0.000012772091226967796
275.3270384186812	0.000013031741672814485
276.0102320624	0.000013299337769671576
276.69342570611883	0.000013575204774596829
277.3766193498376	0.000013859684636866687
278.0598129935564	0.000014153137028560655
278.74300663727524	0.000014455940449527804
279.42620028099407	0.000014768493412879548
280.1093939247129	0.000015091215717723039
280.79258756843166	0.00001542454981648013
281.4757812121505	0.00001576896228483243
282.1589748558693	0.00001612494540310152
282.8421684995881	0.000016493018858724413
283.52536214330695	0.000016873731580425094
284.2085557870257	0.000017267663715726475
284.89174943074454	0.00001767542876460427
285.57494307446336	0.00001809767588336768
286.2581367181822	0.00001853509237428012
286.941330361901	0.00001898840637801908
287.6245240056198	0.00001945838978784141
288.3077176493386	0.000019945861406289102
288.9909112930574	0.00002045169036746543
289.67410493677625	0.000020976799850363917
290.35729858049507	0.000021522171111470653
291.04049222421384	0.000022088847867925346
291.72368586793266	0.000022677941065957894
292.4068795116515	0.000023290634073161854
293.0900731553703	0.000023928188337482554
293.7732667990891	0.00002459194956064155
294.4564604428079	0.000025283354439167674
295.1396540865267	0.000026003938032333556
295.82284773024554	0.00002675534182320238
296.50604137396436	0.000027539322546773102
297.18923501768313	0.00002835776186799823
297.87242866140195	0.000029212677002373006
298.5556223051208	0.00003010623238301421
299.2388159488396	0.00003104075249084731
299.9220095925584	0.00003201873597890071
300.6052032362772	0.00003304287123801036
301.288396879996	0.00003411605356973192
301.97159052371484	0.00003524140415325107
302.65478416743366	0.000036422291016932935
303.3379778111525	0.0000376623522522518
304.02117145487125	0.00003896552173865949
304.7043650985901	0.000040336057682998374
305.3875587423089	0.00004177857431692661
306.0707523860277	0.00004329807714116942
306.75394602974654	0.00004490000215696287
307.4371396734653	0.00004659025958364856
308.12033331718413	0.000048375282627901073
308.80352696090296	0.00005026208194549523
309.4867206046218	0.00005225830652189485
310.1699142483406	0.00005437231179431718
310.85310789205937	0.00005661323594637378
311.5363015357782	0.000058991085427873175
312.219495179497	0.00006151683088767127
312.90268882321584	0.00006420251485700602
313.58588246693466	0.00006706137268433462
314.26907611065343	0.00007010796839916309
314.95226975437225	0.0000733583473690342
315.6354633980911	0.00007683020780578794
316.3186570418099	0.00008054309336617451
317.0018506855287	0.00008451860926469072
317.6850443292475	0.00008878066445293157
318.3682379729663	0.00009335574248941811
319.05143161668514	0.00009827320368196561
319.73462526040396	0.00010356562086594602
320.4178189041228	0.00010926915069214091
321.10101254784155	0.00011542394140289793
321.7842061915604	0.00012207457658444632
322.4673998352792	0.0001292705520285437
323.150593478998	0.00013706677924432687
323.83378712271684	0.0001455241038143192
324.5169807664356	0.00015470981897970377
325.20017441015443	0.00016469814361373542
325.88336805387326	0.00017557061782969024
326.5665616975921	0.0001874163472241611
327.2497553413109	0.00020033199610847602
327.93294898502967	0.00021442138855555596
328.6161426287485	0.00022979452095867888
329.2993362724673	0.0002465657185045827
329.98252991618614	0.0002648505790329553
330.66572355990496	0.0002847612425462266
331.3489172036237	0.0003063994103976512
332.03211084734255	0.00032984643299916063
332.7153044910614	0.0003551497249064205
333.3984981347802	0.00038230481487292465
334.081691778499	0.000411232595941793
334.7648854222178	0.0004417519462797955
335.4480790659366	0.00047354900806765443
336.13127270965543	0.0005061461703681026
336.81446635337426	0.0005388761844133075
337.4976599970931	0.0005708694937718901
338.18085364081185	0.0006010648999035007
338.86404728453067	0.0006282536265298832
339.5472409282495	0.0006511629745420944
340.2304345719683	0.0006685770801509652
340.91362821568714	0.0006794799128588142
341.5968218594059	0.0006831936437188118
342.28001550312473	0.0006794799128588137
342.96320914684355	0.0006685770801509642
343.6464027905624	0.0006511629745420928
344.3295964342812	0.000628253626529881
345.01279007799997	0.0006010648999035007
345.6959837217188	0.0005708694937718874
346.3791773654376	0.0005388761844133048
347.06237100915644	0.0005061461703680999
347.74556465287526	0.0004735490080676518
348.428758296594	0.00044175194627979556
349.11195194031285	0.00041123259594179047
349.7951455840317	0.0003823048148729223
350.4783392277505	0.0003551497249064181
351.1615328714693	0.0003298464329991585
351.8447265151881	0.0003063994103976512
352.5279201589069	0.0002847612425462249
353.21111380262573	0.00026485057903295365
353.89430744634456	0.00024656571850458116
354.5775010900634	0.00022979452095867755
355.26069473378215	0.000214421388555556
355.94388837750097	0.00020033199610847488
356.6270820212198	0.00018741634722416005
357.3102756649386	0.00017557061782968927
357.99346930865744	0.00016469814361373453
358.6766629523762	0.00015470981897970377
359.359856596095	0.00014552410381431843
360.04305023981385	0.0001370667792443262
360.7262438835327	0.0001292705520285431
361.4094375272515	0.00012207457658444578
362.09263117097026	0.00011542394140289793
362.7758248146891	0.0001092691506921404
363.4590184584079	0.00010356562086594556
364.14221210212673	0.0000982732036819652
364.82540574584556	0.0000933557424894177
365.5085993895643	0.00008878066445293159
366.19179303328315	0.00008451860926469038
366.87498667700197	0.00008054309336617419
367.5581803207208	0.00007683020780578765
368.2413739644396	0.00007335834736903391
368.9245676081584	0.00007010796839916309
369.6077612518772	0.00006706137268433438
370.29095489559603	0.00006420251485700579
370.97414853931485	0.00006151683088767104
371.6573421830337	0.000058991085427872965
372.34053582675244	0.00005661323594637378
373.02372947047127	0.00005437231179431699
373.7069231141901	0.00005225830652189468
374.3901167579089	0.00005026208194549509
375.07331040162774	0.00004837528262790094
375.7565040453465	0.00004659025958364856
376.4396976890653	0.000044900002156962726
377.12289133278415	0.00004329807714116928
377.806084976503	0.00004177857431692649
378.4892786202218	0.00004033605768299826
379.17247226394056	0.00003896552173865948
379.8556659076594	0.000037662352252251686
380.5388595513782	0.00003642229101693283
381.22205319509703	0.00003524140415325097
381.90524683881586	0.000034116053569731824
382.5884404825346	0.00003304287123801035
383.27163412625345	0.000032018735978900623
383.95482776997227	0.00003104075249084722
384.6380214136911	0.000030106232383014134
385.3212150574099	0.000029212677002372932
386.0044087011287	0.000028357761867998227
386.6876023448475	0.000027539322546773038
387.37079598856633	0.000026755341823202312
388.05398963228515	0.000026003938032333488
388.737183276004	0.00002528335443916762
389.42037691972274	0.00002459194956064155
390.10357056344156	0.000023928188337482503
390.7867642071604	0.000023290634073161803
391.4699578508792	0.000022677941065957846
392.15315149459803	0.000022088847867925302
392.8363451383168	0.000021522171111470613
393.5195387820356	0.000020976799850363873
394.20273242575445	0.00002045169036746538
394.88592606947327	0.00001994586140628906
395.5691197131921	0.00001945838978784137
396.25231335691086	0.000018988406378019047
396.9355070006297	0.000018535092374280078
397.6187006443485	0.000018097675883367645
398.30189428806733	0.00001767542876460424
398.98508793178615	0.000017267663715726445
399.6682815755049	0.000016873731580425064
400.35147521922374	0.000016493018858724386
401.03466886294257	0.000016124945403101494
401.7178625066614	0.000015768962284832396
402.4010561503802	0.0000154245498164801
403.084249794099	0.000015091215717723015
403.7674434378178	0.000014768493412879519
404.4506370815366	0.000014455940449527782
405.13383072525545	0.000014153137028560633
405.8170243689743	0.000013859684636866661
406.50021801269304	0.000013575204774596805
407.18341165641186	0.00001329933776967155
407.8666053001307	0.000013031741672814462
408.5497989438495	0.000012772091226967775
409.2329925875683	0.00001252007690546511
409.9161862312871	0.000012275404013805889
410.5993798750059	0.000012037791850304177
411.28257351872475	0.000011806972921272835
411.96576716244357	0.000011582692206758194
412.64896080616234	0.000011364706473162602
413.33215444988116	0.00001115278362938586
414.0153480936	0.000010946702123385037
414.6985417373188	0.000010746250376296312
415.38173538103763	0.000010551226251486577
416.0649290247564	0.000010361436556106768
416.7481226684752	0.000010176696572905885
417.43131631219404	9.99682962023631e-6
418.11450995591287	9.821666638337436e-6
418.7977035996317	9.651045800129085e-6
419.48089724335046	9.484812144877932e-6
420.1640908870693	9.322817233221506e-6
420.8472845307881	9.164918822145847e-6
421.5304781745069	9.010980558615118e-6
422.21367181822575	8.860871690645945e-6
422.8968654619445	8.714466794705894e-6
423.58005910566334	8.571645518395452e-6
424.26325274938216	8.432292337446632e-6
424.946446393101	8.2962963261391e-6
425.6296400368198	8.163550940297584e-6
426.3128336805386	8.033953812092294e-6
426.9960273242574	7.907406555917291e-6
427.6792209679762	7.78381458467172e-6
428.36241461169504	7.663086935814014e-6
429.04560825541387	7.545136106602032e-6
429.72880189913263	7.429877897971033e-6
430.41199554285146	7.317231266537811e-6
431.0951891865703	7.207118184253198e-6
431.7783828302891	7.099463505256025e-6
432.4615764740079	6.994194839511095e-6
433.1447701177267	6.891242432840341e-6
433.8279637614455	6.790539052981515e-6
434.51115740516434	6.692019881332102e-6
435.19435104888316	6.595622410057565e-6
435.877544692602	6.5012863442634284e-6
436.56073833632075	6.408953508949321e-6
437.2439319800396	6.318567760480533e-6
437.9271256237584	6.230074902329097e-6
438.6103192674772	6.143422604851315e-6
439.29351291119605	6.058560328883036e-6
439.9767065549148	5.9754392529470846e-6
440.65990019863364	5.894012203879572e-6
441.34309384235246	5.814233590693424e-6
442.0262874860713	5.736059341508057e-6
442.7094811297901	5.659446843384374e-6
443.3926747735089	5.584354884913568e-6
444.0758684172277	5.510743601416978e-6
444.7590620609465	5.438574422622659e-6
445.44225570466534	5.367810022691799e-6
446.12544934838417	5.298414272475548e-6
446.80864299210293	5.230352193889532e-6
447.49183663582176	5.163589916299589e-6
448.1750302795406	5.09809463481845e-6
448.8582239232594	5.033834570418352e-6
449.5414175669782	4.970778931770147e-6
450.224611210697	4.9088978787241825e-6
450.9078048544158	4.8481624873528955e-6
451.59099849813464	4.788544716479559e-6
452.27419214185346	4.730017375621453e-6
452.9573857855723	4.672554094279818e-6
453.64057942929105	4.616129292512435e-6
454.3237730730099	4.5607181527281e-6
455.0069667167287	4.506296592645556e-6
455.6901603604475	4.452841239362287e-6
456.37335400416634	4.40032940448162e-6
457.0565476478851	4.348739060249135e-6
457.73974129160393	4.298048816651928e-6
458.42293493532276	4.24823789943675e-6
459.1061285790416	4.199286129005152e-6
459.7893222227604	4.1511739001459505e-6
460.47251586647917	4.103882162567426e-6
461.155709510198	4.057392402193358e-6
461.8389031539168	4.011686623189016e-6
462.52209679763564	3.9667473306846966e-6
463.20529044135446	3.9225575141661745e-6
463.88848408507323	3.879100631502817e-6
464.57167772879205	3.836360593585625e-6
465.2548713725109	3.79432174954877e-6
465.9380650162297	3.752968872549463e-6
466.6212586599485	3.7122871460822424e-6
467.3044523036673	3.6722621508049e-6
467.9876459473861	3.632879851854302e-6
468.67083959110494	3.59412658663151e-6
469.35403323482376	3.5559890530364e-6
470.0372268785426	3.5184542981330895e-6
470.72042052226135	3.4815097072282294e-6
471.4036141659802	3.4451429933450963e-6
472.086807809699	3.4093421870772286e-6
472.7700014534178	3.374095626806044e-6
473.45319509713664	3.339391949267621e-6
474.1363887408554	3.305220080454528e-6
474.81958238457423	3.2715692268391366e-6
475.50277602829306	3.238428866905601e-6
476.1859696720119	3.205788742978086e-6
476.8691633157307	3.173638853333554e-6
477.55235695944947	3.1419694445878267e-6
478.2355506031683	3.110771004344155e-6
478.9187442468871	3.080034254094081e-6
479.60193789060594	3.0497501423606863e-6
480.28513153432476	3.0199098380748692e-6
480.96832517804353	2.9905047241756676e-6
481.65151882176235	2.961526391425978e-6
482.3347124654812	2.9329666324354963e-6
483.0179061092	2.9048174358829323e-6
483.7010997529188	2.877070980929999e-6
484.3842933966376	2.8497196318199327e-6
485.0674870403564	2.8227559326535885e-6
485.75068068407523	2.796172602336557e-6
486.43387432779406	2.769962529690847e-6
487.1170679715129	2.7441187687251204e-6
487.80026161523165	2.7186345340575993e-6
488.48345525895047	2.693503196486047e-6
489.1666489026693	2.668718278699493e-6
489.8498425463881	2.644273451126483e-6
490.53303619010694	2.62016252791498e-6
491.2162298338257	2.5963794630391295e-6
491.89942347754453	2.572918346528359e-6
492.58261712126335	2.5497734008144516e-6
493.2658107649822	2.5269389771923694e-6
493.949004408701	2.5044095523908397e-6
494.63219805241977	2.482179725248802e-6
495.3153916961386	2.460244213494025e-6
495.9985853398574	2.4385978506203164e-6
496.68177898357624	2.4172355828598956e-6
497.36497262729506	2.3961524662476235e-6
498.0481662710138	2.375343663773953e-6
498.73135991473265	2.3548044426235087e-6
499.4145535584515	2.3345301714964097e-6
500.0977472021703	2.3145163180094907e-6
500.7809408458891	2.294758446174721e-6
501.4641344896079	2.275252213952222e-6
502.1473281333267	2.2559933708753526e-6
502.83052177704553	2.2369777557454824e-6
503.51371542076436	2.2182012943940986e-6
504.1969090644832	2.199659997510024e-6
504.88010270820195	2.1813499585295946e-6
505.56329635192077	2.163267351587706e-6
506.2464899956396	2.1454084295277682e-6
506.9296836393584	2.127769521968593e-6
507.61287728307724	2.110347033426406e-6
508.296070926796	2.093137441490178e-6
508.97926457051483	2.0761372950485394e-6
509.66245821423365	2.0593432125666582e-6
510.3456518579525	2.0427518804114396e-6
511.0288455016713	2.0263600512235305e-6
511.71203914539007	2.0101645423346387e-6
512.395232789109	1.9941622342287183e-6
513.0784264328277	1.978350069045672e-6
513.7616200765465	1.9627250491261715e-6
514.4448137202653	1.947284235596398e-6
515.1280073639841	1.932024746991378e-6
515.811201007703	1.916943757915763e-6
516.4943946514218	1.902038497740874e-6
517.1775882951406	1.8873062493369116e-6
517.8607819388594	1.8727443478392313e-6
518.5439755825782	1.8583501794476623e-6
519.2271692262971	1.8441211802578498e-6
519.9103628700158	1.8300548351236552e-6
520.5935565137346	1.8161486765496668e-6
521.2767501574534	1.8024002836129414e-6
521.9599438011722	1.788807280913059e-6
522.6431374448911	1.775367337549671e-6
523.3263310886099	1.7620781661267244e-6
524.0095247323287	1.7489375217825546e-6
524.6927183760475	1.7359432012450954e-6
525.3759120197664	1.7230930419114588e-6
526.0591056634852	1.710384920951174e-6
526.7422993072039	1.6978167544323935e-6
527.4254929509227	1.6853864964703846e-6
528.1086865946415	1.6730921383976934e-6
528.7918802383604	1.6609317079553047e-6
529.4750738820792	1.6489032685042379e-6
530.158267525798	1.6370049182569616e-6
530.8414611695168	1.6252347895280795e-6
531.5246548132357	1.6135910480037261e-6
532.2078484569545	1.6020718920291436e-6
532.8910421006733	1.5906755519139263e-6
533.574235744392	1.5794002892544372e-6
534.2574293881108	1.5682443962728966e-6
534.9406230318297	1.5572061951727136e-6
535.6238166755485	1.546284037509556e-6
536.3070103192673	1.5354763035777657e-6
536.9902039629861	1.524781401811663e-6
537.673397606705	1.5141977682013493e-6
538.3565912504238	1.503723865722595e-6
539.0397848941426	1.4933581837804335e-6
539.7229785378614	1.4830992376660827e-6
540.4061721815801	1.4729455680268336e-6
541.089365825299	1.4628957403485443e-6
541.7725594690178	1.4529483444504232e-6
542.4557531127366	1.4431019939917317e-6
543.1389467564554	1.4333553259901186e-6
543.8221404001742	1.4237070003512597e-6
544.5053340438931	1.414155699409502e-6
545.1885276876119	1.4047001274792182e-6
545.8717213313307	1.3953390104165946e-6
546.5549149750495	1.3860710951915652e-6
547.2381086187683	1.3768951494696357e-6
547.9213022624871	1.3678099612033219e-6
548.6044959062059	1.3588143382329785e-6
549.2876895499247	1.349907107896738e-6
549.9708831936435	1.341087116649347e-6
550.6540768373624	1.3323532296896623e-6
551.3372704810812	1.3237043305965816e-6
552.0204641248	1.3151393209731922e-6
552.7036577685188	1.3066571200989241e-6
553.3868514122377	1.2982566645895117e-6
554.0700450559564	1.2899369080645481e-6
554.7532386996752	1.281696820822455e-6
555.436432343394	1.2735353895226739e-6
556.1196259871128	1.2654516168748944e-6
556.8028196308317	1.257444521335139e-6
557.4860132745505	1.249513136808544e-6
558.1692069182693	1.2416565123586531e-6
558.8524005619881	1.2338737119230791e-6
559.535594205707	1.226163814035353e-6
560.2187878494258	1.2185259115528285e-6
560.9019814931445	1.2109591113904806e-6
561.5851751368633	1.2034625342604464e-6
562.2683687805821	1.1960353144171903e-6
562.951562424301	1.1886765994081274e-6
563.6347560680198	1.1813855498295917e-6
564.3179497117386	1.1741613390880096e-6
565.0011433554574	1.1670031531661524e-6
565.6843369991763	1.1599101903943542e-6
566.3675306428951	1.1528816612265602e-6
567.0507242866139	1.1459167880210996e-6
567.7339179303326	1.1390148048260697e-6
568.4171115740514	1.1321749571692124e-6
569.1003052177703	1.1253965018521871e-6
569.7834988614891	1.1186787067491276e-6
570.4666925052079	1.112020850609382e-6
571.1498861489267	1.105422222864338e-6
571.8330797926455	1.0988821234382426e-6
572.5162734363644	1.092399862562912e-6
573.1994670800832	1.0859747605962451e-6
573.882660723802	1.0796061478444548e-6
574.5658543675207	1.0732933643879305e-6
575.2490480112396	1.0670357599106334e-6
575.9322416549584	1.0608326935329675e-6
576.6154352986772	1.054683533648027e-6
577.298628942396	1.0485876577611423e-6
577.9818225861148	1.042544452332663e-6
578.6650162298337	1.0365533126238887e-6
579.3482098735525	1.0306136425460845e-6
580.0314035172713	1.024724854512509e-6
580.7145971609901	1.0188863692933835e-6
581.3977908047088	1.0130976158737384e-6
582.0809844484277	1.0073580313140705e-6
582.7641780921465	1.0016670606137548e-6
583.4473717358653	9.960241565771323e-7
584.1305653795841	9.90428779682234e-7
584.813759023303	9.848803979520655e-7
585.4969526670218	9.793784868284063e-7
586.1801463107406	9.739225290480634e-7
586.8633399544594	9.685120145215236e-7
587.5465335981781	9.631464402139536e-7
588.229727241897	9.578253100284955e-7
588.9129208856158	9.525481346918106e-7
589.5961145293346	9.473144316418137e-7
590.2793081730534	9.421237249175594e-7
590.9625018167723	9.36975545051228e-7
591.6456954604911	9.318694289621677e-7
592.3288891042099	9.268049198529453e-7
593.0120827479287	9.217815671073668e-7
593.6952763916476	9.167989261904237e-7
594.3784700353663	9.118565585501212e-7
595.0616636790851	9.069540315211449e-7
595.7448573228039	9.020909182303441e-7
596.4280509665227	8.972667975039666e-7
597.1112446102416	8.924812537766294e-7
597.7944382539604	8.877338770019778e-7
598.4776318976792	8.830242625649992e-7
599.160825541398	8.783520111959592e-7
599.8440191851168	8.737167288859227e-7
600.5272128288357	8.691180268038275e-7
601.2104064725544	8.645555212150798e-7
601.8936001162732	8.600288334016341e-7
602.576793759992	8.555375895835388e-7
603.2599874037109	8.510814208419014e-7
603.9431810474297	8.466599630432534e-7
604.6263746911485	8.422728567652874e-7
605.3095683348673	8.379197472239293e-7
605.9927619785861	8.336002842017311e-7
606.675955622305	8.293141219775381e-7
607.3591492660238	8.250609192574305e-7
608.0423429097425	8.208403391068876e-7
608.7255365534613	8.166520488841619e-7
609.4087301971801	8.12495720174847e-7
610.091923840899	8.083710287275968e-7
610.7751174846178	8.042776543909814e-7
611.4583111283366	8.002152810514636e-7
612.1415047720554	7.961835965724605e-7
612.8246984157743	7.921822927344806e-7
613.5078920594931	7.882110651763032e-7
614.1910857032119	7.8426961333719e-7
614.8742793469306	7.803576404001014e-7
615.5574729906494	7.764748532358991e-7
616.2406666343683	7.726209623485207e-7
616.9238602780871	7.687956818210958e-7
617.6070539218059	7.649987292629966e-7
618.2902475655247	7.612298257577973e-7
618.9734412092436	7.574886958121297e-7
619.6566348529624	7.537750673054112e-7
620.3398284966812	7.500886714404349e-7
621.0230221404	7.464292426947997e-7
621.7062157841187	7.427965187731678e-7
622.3894094278376	7.391902405603291e-7
623.0726030715564	7.356101520750649e-7
623.7557967152752	7.320560004247851e-7
624.438990358994	7.285275357609328e-7
625.1221840027129	7.250245112351352e-7
625.8053776464317	7.215466829560927e-7
626.4885712901505	7.180938099471857e-7
627.1717649338693	7.146656541047904e-7
627.8549585775881	7.112619801572874e-7
628.5381522213069	7.078825556247516e-7
629.2213458650257	7.045271507793068e-7
629.9045395087445	7.011955386061417e-7
630.5877331524633	6.9788749476516e-7
631.2709267961822	6.946027975532687e-7
631.954120439901	6.913412278672804e-7
632.6373140836198	6.881025691674255e-7
633.3205077273386	6.848866074414574e-7
634.0037013710574	6.81693131169346e-7
634.6868950147763	6.785219312885424e-7
635.370088658495	6.753728011598086e-7
636.0532823022138	6.72245536533598e-7
636.7364759459326	6.691399355169813e-7
637.4196695896514	6.660557985411025e-7
638.1028632333703	6.629929283291603e-7
638.7860568770891	6.599511298649004e-7
639.4692505208079	6.569302103616129e-7
640.1524441645267	6.539299792316251e-7
640.8356378082456	6.509502480562792e-7
641.5188314519644	6.479908305563867e-7
642.2020250956831	6.450515425631526e-7
642.8852187394019	6.421322019895566e-7
643.5684123831207	6.392326288021892e-7
644.2516060268396	6.363526449935298e-7
644.9347996705584	6.334920745546589e-7
645.6179933142772	6.306507434484011e-7
646.301186957996	6.278284795828836e-7
646.9843806017149	6.250251127855131e-7
647.6675742454337	6.222404747773529e-7
648.3507678891525	6.194743991478993e-7
649.0339615328712	6.167267213302522e-7
649.71715517659	6.139972785766638e-7
650.4003488203089	6.1128590993447e-7
651.0835424640277	6.085924562223903e-7
651.7667361077465	6.059167600071915e-7
652.4499297514653	6.032586655807093e-7
653.1331233951842	6.006180189372218e-7
653.816317038903	5.979946677511691e-7
654.4995106826218	5.9538846135521e-7
655.1827043263406	5.927992507186154e-7
655.8658979700593	5.902268884259865e-7
656.5490916137782	5.876712286562953e-7
657.232285257497	5.851321271622445e-7
657.9154789012158	5.826094412499355e-7
658.5986725449346	5.801030297588424e-7
659.2818661886535	5.776127530420879e-7
659.9650598323723	5.751384729470135e-7
660.6482534760911	5.726800527960387e-7
661.3314471198099	5.702373573678096e-7
662.0146407635287	5.678102528786228e-7
662.6978344072475	5.653986069641299e-7
663.3810280509663	5.630022886613072e-7
664.0642216946851	5.60621168390699e-7
664.7474153384039	5.582551179389175e-7
665.4306089821227	5.559040104414028e-7
666.1138026258416	5.535677203654336e-7
666.7969962695604	5.512461234933909e-7
667.4801899132792	5.48939096906263e-7
668.163383556998	5.466465189673933e-7
668.8465772007169	5.443682693064636e-7
669.5297708444356	5.421042288037111e-7
670.2129644881544	5.398542795743741e-7
670.8961581318732	5.376183049533625e-7
671.579351775592	5.353961894801506e-7
672.2625454193109	5.331878188838872e-7
672.9457390630297	5.309930800687196e-7
673.6289327067485	5.288118610993288e-7
674.3121263504673	5.266440511866721e-7
674.9953199941862	5.244895406739288e-7
675.678513637905	5.223482210226475e-7
676.3617072816237	5.202199847990909e-7
677.0449009253425	5.181047256607712e-7
677.7280945690613	5.160023383431834e-7
678.4112882127802	5.139127186467182e-7
679.094481856499	5.118357634237672e-7
679.7776755002178	5.097713705660044e-7
680.4608691439366	5.077194389918493e-7
681.1440627876555	5.056798686341063e-7
681.8272564313743	5.03652560427775e-7
682.5104500750931	5.016374162980351e-7
683.1936437188118	4.996343391483938e-7